{
    "Modules": {
        "B_Cell": {
            "end_perf": [
                0.5645410647848621,
                0.32011099999999998,
                0.064395999999999995,
                206976,
                214480
            ],
            "Compiled": "Yes",
            "start_perf": [
                0.56238906481303275,
                0.31795899999999999,
                0.064395999999999995,
                206976,
                214480,
                1671793620.4506841
            ],
            "Compiled Times": 1,
            "nQuads": 51,
            "nMops": 148
        },
        "...MASTER...": {
            "end_perf": [
                0.47995806473772973,
                0.24517600000000001,
                0.054748999999999999,
                203016,
                214480
            ],
            "start_perf": [
                0.47745906480122358,
                0.24517600000000001,
                0.052249999999999998,
                200920,
                214480,
                1671793620.3657539
            ],
            "nQuads": 0,
            "nMops": 0
        },
        "std": {
            "end_perf": [
                0.4869500647764653,
                0.24517600000000001,
                0.061740000000000003,
                203084,
                214480
            ],
            "Compiled": "Yes",
            "start_perf": [
                0.48002906481269747,
                0.24517600000000001,
                0.054820000000000001,
                203016,
                214480,
                1671793620.368324
            ],
            "Compiled Times": 1,
            "nQuads": 218,
            "nMops": 515
        },
        "tb_fp_mac": {
            "end_perf": [
                0.55928506480995566,
                0.31537799999999999,
                0.063874,
                206976,
                214480
            ],
            "Compiled": "Yes",
            "start_perf": [
                0.48698406480252743,
                0.24517600000000001,
                0.061775999999999998,
                203084,
                214480,
                1671793620.3752789
            ],
            "Compiled Times": 1,
            "nQuads": 4964,
            "nMops": 12540
        },
        "full_adder": {
            "end_perf": [
                0.5623580648098141,
                0.31793300000000002,
                0.064391000000000004,
                206976,
                214480
            ],
            "Compiled": "Yes",
            "start_perf": [
                0.55934206477832049,
                0.31542500000000001,
                0.063882999999999995,
                206976,
                214480,
                1671793620.4476371
            ],
            "Compiled Times": 1,
            "nQuads": 92,
            "nMops": 256
        }
    },
    "CompUnits": {
        "amcQw_d": {
            "bytes": 4860,
            "mod": "...MASTER...",
            "out": "objs/amcQw_d.o",
            "mode": 4,
            "checksum": 0
        },
        "reYIK_d": {
            "bytes": 26166,
            "mod": "std",
            "out": "objs/reYIK_d.o",
            "mode": 4,
            "checksum": 0
        },
        "T6IIT_d": {
            "bytes": 153176,
            "mod": "tb_fp_mac",
            "out": "objs/T6IIT_d.o",
            "mode": 4,
            "checksum": 0
        },
        "BEdzp_d": {
            "bytes": 6425,
            "mod": "full_adder",
            "out": "objs/BEdzp_d.o",
            "mode": 4,
            "checksum": 0
        },
        "bmnSU_d": {
            "bytes": 5345,
            "mod": "B_Cell",
            "out": "objs/bmnSU_d.o",
            "mode": 4,
            "checksum": 0
        }
    },
    "reusePaths": {},
    "ObjArchives": [],
    "stat": {
        "ru_self_end": {
            "ru_utime_sec": 0.324152,
            "ru_stime_sec": 0.064395999999999995,
            "ru_maxrss_kb": 105608,
            "ru_nivcsw": 2,
            "ru_minflt": 11629,
            "ru_majflt": 0,
            "ru_nvcsw": 44
        },
        "ru_childs_end": {
            "ru_utime_sec": 0.072176000000000004,
            "ru_stime_sec": 0.059091999999999999,
            "ru_maxrss_kb": 38248,
            "ru_nivcsw": 2,
            "ru_minflt": 9989,
            "ru_majflt": 0,
            "ru_nvcsw": 28
        },
        "peak_mem_kb": 214480
    }
}